,VC,Size,Internal Weight,External Weight,Quality,P-value,Min Dist,Max Dist,Total Dist,Below Thres,Taxon Prediction Score,Avg Dist,Members
0,VC_0_0,2,9.829530388824484,42.459302472106614,0.18798527048724514,0.07078943167762192,1.4142135623730951,1.4142135623730951,1,1,1.0,1.4142135623730951,"annotate_busby_phage_1,annotate_busby_phage_396"
1,VC_100_0,3,41.50702894353208,422.3189671382771,0.08948836264927916,0.09313468458438257,3.872983346207417,5.196152422706632,3,3,1.0,4.5865171762458266,"annotate_busby_phage_200,annotate_busby_phage_202,annotate_deboutte_phage_237"
2,VC_101_0,2,8.74909106519804,115.10226669690545,0.0706418663734272,0.05113233250223462,1.4142135623730951,1.4142135623730951,1,1,1.0,1.4142135623730951,"annotate_deboutte_phage_504,annotate_rosso_phage_104"
3,VC_102_0,3,48.327616017648864,513.6775754568461,0.08599140497413373,0.03112627867586506,3.1622776601683795,3.7416573867739413,3,3,1.0,3.4560122206933586,"annotate_deboutte_phage_503,annotate_rosso_phage_105,annotate_rosso_phage_106"
4,VC_104_0,4,180.2143185795531,164.23505451675518,0.5231953739952521,6.296084503818619e-05,3.605551275463989,5.291502622129181,6,6,1.0,4.528340892062073,"annotate_deboutte_phage_191,annotate_deboutte_phage_195,annotate_deboutte_phage_228,annotate_virome_phage_101"
5,VC_105_0,2,48.33459026580032,5.511477540444695,0.897643824981302,0.18554668476134878,2.449489742783178,2.449489742783178,1,1,1.0,2.449489742783178,"annotate_busby_phage_208,annotate_deboutte_phage_376"
6,VC_106_0,10,1955.2647072047967,434.818125435678,0.8180740351348799,7.007914924729334e-20,0.0,3.872983346207417,45,45,1.0,2.5615760111979777,"annotate_deboutte_phage_34,annotate_rosso_phage_46,annotate_rosso_phage_49,annotate_total_phage_487,annotate_total_phage_644,annotate_total_phage_743,annotate_virome_phage_201,annotate_virome_phage_2237,annotate_virome_phage_2243,annotate_virome_phage_2259"
7,VC_107_0,2,4.942454417410382,85.06984995224435,0.05490865334491536,0.10168491319882195,1.4142135623730951,1.4142135623730951,1,1,1.0,1.4142135623730951,"annotate_deboutte_phage_383,annotate_deboutte_phage_404"
8,VC_108_0,4,366.9302662302244,134.1158708874508,0.7323283008248151,0.00013308006092447311,1.0,5.477225575051661,6,6,1.0,3.9607098315658456,"annotate_rosso_phage_33,annotate_rosso_phage_34,annotate_total_phage_3,annotate_virome_phage_842"
9,VC_109_0,4,470.60724758628095,917.3655887179717,0.33906084851009344,3.3902881813530285e-05,3.7416573867739413,4.898979485566356,6,6,1.0,4.4121121341415614,"annotate_rosso_phage_31,annotate_total_phage_172,annotate_total_phage_306,annotate_total_phage_934"
10,VC_10_0,6,125.03157399670033,1077.597862991978,0.1039651701107308,0.0027359201687368858,3.1622776601683795,7.14142842854285,15,15,1.0,4.903678736670721,"annotate_busby_phage_161,annotate_busby_phage_214,annotate_busby_phage_254,annotate_busby_phage_388,annotate_deboutte_phage_519,annotate_rosso_phage_178"
11,VC_110_0,3,71.3079267093464,19.782547094799416,0.7828252915081549,0.04042779918502612,2.449489742783178,3.0,3,3,1.0,2.698413684615923,"annotate_total_phage_176,annotate_total_phage_443,annotate_total_phage_785"
12,VC_111_0,2,7.205109795034072,9.145747681468833,0.440656387922665,0.14442218317324246,0.0,0.0,1,1,1.0,0.0,"annotate_busby_phage_23,annotate_busby_phage_402"
13,VC_112_0,3,27.638305585254695,50.711819711136876,0.35275381476036494,0.017881883295488944,5.385164807134504,5.5677643628300215,3,3,1.0,5.476718248338728,"annotate_deboutte_phage_192,annotate_deboutte_phage_202,annotate_deboutte_phage_225"
14,VC_114_0,2,28.10279900296081,933.7784130359908,0.029216496435552356,0.14615553416793453,5.656854249492381,5.656854249492381,1,1,1.0,5.656854249492381,"annotate_busby_phage_233,annotate_deboutte_phage_394"
15,VC_115_0,2,2.3580536099336102,50.23018552771181,0.04483994232553779,0.3442498705483171,2.23606797749979,2.23606797749979,1,1,1.0,2.23606797749979,"annotate_busby_phage_284,annotate_busby_phage_365"
16,VC_116_0,2,89.1965196172524,322.8277551929783,0.21648365174196194,0.05145876970142649,3.7416573867739413,3.7416573867739413,1,1,1.0,3.7416573867739413,"annotate_virome_phage_2912,annotate_virome_phage_2913"
17,VC_117_0,4,196.7449778816097,111.94506288064895,0.6373544718053772,0.0020244375535408143,4.69041575982343,7.0710678118654755,6,6,1.0,6.128860774392847,"annotate_virome_phage_22,annotate_virome_phage_24,annotate_virome_phage_758,annotate_virome_phage_790"
18,VC_118_0,2,4.602492798502346,59.549181084474725,0.07174392373452375,0.053744803766234625,1.0,1.0,1,1,1.0,1.0,"annotate_busby_phage_247,annotate_busby_phage_311"
19,VC_119_0,3,13.623707727479832,94.01251910219959,0.12657176982836466,0.1723521110034788,2.8284271247461903,3.3166247903554,3,3,1.0,3.0483506383671966,"annotate_deboutte_phage_255,annotate_deboutte_phage_475,annotate_deboutte_phage_64"
20,VC_11_0,2,3.7161231616375696,56.31897366113833,0.06189917828578832,0.09521513191276199,1.7320508075688772,1.7320508075688772,1,1,1.0,1.7320508075688772,"annotate_busby_phage_125,annotate_deboutte_phage_467"
21,VC_120_0,5,78.19050172497637,830.2511907504877,0.08607101850632885,0.03554292830129513,1.4142135623730951,2.449489742783178,10,10,1.0,2.0040599658251996,"annotate_busby_phage_287,annotate_deboutte_phage_357,annotate_deboutte_phage_389,annotate_deboutte_phage_48,annotate_deboutte_phage_498"
22,VC_121_0,9,394.0590406691521,90.7746187608264,0.8127716238440404,9.350194037086696e-08,2.6457513110645907,7.810249675906654,36,36,1.0,5.388089680141375,"annotate_busby_phage_258,annotate_busby_phage_260,annotate_busby_phage_293,annotate_busby_phage_349,annotate_busby_phage_350,annotate_deboutte_phage_146,annotate_deboutte_phage_180,annotate_virome_phage_847,annotate_virome_phage_860"
23,VC_122_0,4,80.36895989534891,246.09621208023904,0.24617927667138303,0.00047652290734164827,6.324555320336759,8.774964387392123,6,6,1.0,7.511894124052888,"annotate_deboutte_phage_431,annotate_rosso_phage_153,annotate_virome_phage_2291,annotate_virome_phage_2300"
24,VC_123_0,2,7.125914087916562,364.61612294041925,0.019168975736186096,0.24014006656915954,2.0,2.0,1,1,1.0,2.0,"annotate_deboutte_phage_367,annotate_rosso_phage_151"
25,VC_124_0,3,109.24923517551306,107.9016131958784,0.5031029627324546,0.013734320192840667,4.0,5.916079783099616,3,3,1.0,4.903970435470778,"annotate_busby_phage_320,annotate_virome_phage_2325,annotate_virome_phage_2346"
26,VC_125_0,2,18.07049837271921,3.47851497132178,0.8385766013605582,0.5,4.47213595499958,4.47213595499958,1,1,1.0,4.47213595499958,"annotate_busby_phage_269,annotate_busby_phage_328"
27,VC_126_0,4,41.71726068448156,198.17950148667916,0.1738967225189862,0.029669399322804692,2.449489742783178,5.830951894845301,6,6,1.0,4.385851352394948,"annotate_busby_phage_270,annotate_busby_phage_455,annotate_rosso_phage_163,annotate_virome_phage_71"
28,VC_127_0,1,0,30.74798963341392,0.0,0.0,0,0,1,1,1,0,annotate_deboutte_phage_20
29,VC_128_0,2,29.24644839957191,108.55271938772331,0.21223965912999052,0.057268646392054465,0.0,0.0,1,1,1.0,0.0,"annotate_busby_phage_31,annotate_busby_phage_404"
30,VC_129_0,2,9.406375687909232,6.648300452420596,0.585896321152199,0.06680720126885807,0.0,0.0,1,1,1.0,0.0,"annotate_busby_phage_410,annotate_busby_phage_46"
31,VC_12_0,2,17.280242073610395,200.73018731185954,0.07926337341896955,0.050593893362464025,3.4641016151377544,3.4641016151377544,1,1,1.0,3.4641016151377544,"annotate_busby_phage_175,annotate_busby_phage_212"
32,VC_130_0,15,2953.3676013081836,1563.8612257618593,0.6538007513831864,2.6353442265590197e-25,1.4142135623730951,6.928203230275509,105,105,1.0,4.895101125444098,"annotate_busby_phage_313,annotate_busby_phage_447,annotate_total_phage_125,annotate_total_phage_237,annotate_total_phage_243,annotate_total_phage_252,annotate_total_phage_296,annotate_total_phage_364,annotate_total_phage_449,annotate_total_phage_451,annotate_total_phage_745,annotate_total_phage_783,annotate_total_phage_803,annotate_total_phage_807,annotate_total_phage_935"
33,VC_131_0,1,0,181.323476122073,0.0,0.0,0,0,1,1,1,0,annotate_virome_phage_2357
34,VC_132_0,7,1386.1712788388252,424.9546448611615,0.7653643850489352,1.0172785911592798e-06,1.4142135623730951,5.656854249492381,21,21,1.0,4.434774906222757,"annotate_busby_phage_384,annotate_deboutte_phage_105,annotate_deboutte_phage_174,annotate_deboutte_phage_399,annotate_deboutte_phage_89,annotate_virome_phage_118,annotate_virome_phage_2343"
35,VC_133_0,3,26.399787726358365,151.2138523377431,0.14863603784501334,0.47488560968174204,2.0,2.6457513110645907,3,3,1.0,2.2939397628547935,"annotate_busby_phage_340,annotate_busby_phage_341,annotate_deboutte_phage_31"
36,VC_134_0,4,596.2663517953388,680.3141280597268,0.46708089400132047,4.7038100242945874e-05,3.4641016151377544,5.477225575051661,6,6,1.0,4.354347832071694,"annotate_busby_phage_319,annotate_rosso_phage_4,annotate_virome_phage_2306,annotate_virome_phage_64"
37,VC_135_0,2,14.48664911326456,80.42055630106385,0.15264013991373376,0.4012936743170763,2.23606797749979,2.23606797749979,1,1,1.0,2.23606797749979,"annotate_busby_phage_343,annotate_deboutte_phage_536"
38,VC_136_0,2,4.395716297644273,1.7411750060699571,0.716277359350304,0.5,1.0,1.0,1,1,1.0,1.0,"annotate_busby_phage_324,annotate_deboutte_phage_171"
39,VC_137_0,2,6.05915532358527,66.56873506307693,0.08342738982678764,0.23747926994475338,1.4142135623730951,1.4142135623730951,1,1,1.0,1.4142135623730951,"annotate_busby_phage_325,annotate_deboutte_phage_340"
40,VC_138_0,11,2492.4884458430442,1061.9606404750186,0.701230594478688,4.51459700624399e-24,1.0,6.244997998398398,55,55,1.0,4.828349979993908,"annotate_busby_phage_326,annotate_deboutte_phage_163,annotate_deboutte_phage_196,annotate_rosso_phage_35,annotate_virome_phage_119,annotate_virome_phage_123,annotate_virome_phage_2319,annotate_virome_phage_2345,annotate_virome_phage_829,annotate_virome_phage_837,annotate_virome_phage_876"
41,VC_139_0,4,83.97156767821517,95.34799740548328,0.4682788943806603,0.003617588054718034,6.0,7.810249675906654,6,6,1.0,7.009597206262847,"annotate_virome_phage_55,annotate_virome_phage_60,annotate_virome_phage_809,annotate_virome_phage_849"
42,VC_13_0,32,19007.647681382543,7286.976254882581,0.7228720109272032,4.984326060580935e-178,0.0,9.9498743710662,496,445,0.8971774193548387,7.066655678565837,"annotate_busby_phage_265,annotate_busby_phage_286,annotate_deboutte_phage_116,annotate_deboutte_phage_150,annotate_deboutte_phage_484,annotate_deboutte_phage_51,annotate_deboutte_phage_88,annotate_rosso_phage_36,annotate_rosso_phage_37,annotate_total_phage_246,annotate_total_phage_416,annotate_total_phage_453,annotate_total_phage_454,annotate_total_phage_483,annotate_total_phage_501,annotate_total_phage_525,annotate_total_phage_604,annotate_total_phage_653,annotate_total_phage_725,annotate_virome_phage_115,annotate_virome_phage_116,annotate_virome_phage_2239,annotate_virome_phage_2292,annotate_virome_phage_2294,annotate_virome_phage_2327,annotate_virome_phage_759,annotate_virome_phage_771,annotate_virome_phage_778,annotate_virome_phage_82,annotate_virome_phage_850,annotate_virome_phage_884,annotate_virome_phage_92"
43,VC_140_0,5,40.496201285558215,72.32509184017732,0.3589411197443603,0.002276319446728615,0.0,2.449489742783178,10,10,1.0,1.444948974278318,"annotate_busby_phage_335,annotate_busby_phage_413,annotate_busby_phage_444,annotate_busby_phage_62,annotate_deboutte_phage_453"
44,VC_141_0,2,2.47450029528716,5.698290809768384,0.3027729772459836,0.5,2.449489742783178,2.449489742783178,1,1,1.0,2.449489742783178,"annotate_busby_phage_338,annotate_deboutte_phage_21"
45,VC_142_0,7,388.23362250732407,372.7266786651601,0.5101890623060565,0.48996252348940517,0.0,5.291502622129181,21,21,1.0,3.921876340103305,"annotate_deboutte_phage_190,annotate_deboutte_phage_221,annotate_deboutte_phage_534,annotate_rosso_phage_148,annotate_rosso_phage_149,annotate_virome_phage_826,annotate_virome_phage_848"
46,VC_143_0,2,11.278583790966245,0,1.0,0.0,0.0,0.0,1,1,1.0,0.0,"annotate_busby_phage_35,annotate_busby_phage_406"
47,VC_144_0,4,34.73570081403871,7.691224388352358,0.8187183173972055,0.30531475540955844,1.0,2.449489742783178,6,6,1.0,1.9642215004898382,"annotate_busby_phage_370,annotate_busby_phage_416,annotate_busby_phage_69,annotate_total_phage_517"
48,VC_145_0,3,37.273964711613814,0,1.0,0.0,1.7320508075688772,2.6457513110645907,3,3,1.0,2.2757639538055487,"annotate_busby_phage_364,annotate_deboutte_phage_374,annotate_deboutte_phage_9"
49,VC_146_0,2,67.7420738535311,223.7982015555351,0.23235922981303628,0.05283688283951671,0.0,0.0,1,1,1.0,0.0,"annotate_virome_phage_176,annotate_virome_phage_2411"
50,VC_147_0,2,14.042114437421134,0,1.0,0.0,0.0,0.0,1,1,1.0,0.0,"annotate_busby_phage_37,annotate_busby_phage_49"
51,VC_148_0,2,38.64419369688867,8.583154163506213,0.8182588150222152,0.13177623864148635,0.0,0.0,1,1,1.0,0.0,"annotate_busby_phage_38,annotate_busby_phage_407"
52,VC_149_0,9,1057.3359825439954,69.72606725551266,0.9381346685677899,2.7435063233791818e-08,0.0,3.7416573867739413,36,36,1.0,2.974899866179563,"annotate_busby_phage_381,annotate_deboutte_phage_1,annotate_rosso_phage_94,annotate_rosso_phage_95,annotate_rosso_phage_96,annotate_total_phage_174,annotate_total_phage_809,annotate_virome_phage_202,annotate_virome_phage_219"
53,VC_150_0,2,2.319666134970494,33.88673346436688,0.0640678487957954,0.21459765022017463,2.23606797749979,2.23606797749979,1,1,1.0,2.23606797749979,"annotate_busby_phage_440,annotate_busby_phage_90"
54,VC_151_0,2,10.889893260544156,35.00405001350486,0.23728388723358854,0.08762212270000297,1.4142135623730951,1.4142135623730951,1,1,1.0,1.4142135623730951,"annotate_busby_phage_385,annotate_deboutte_phage_119"
55,VC_152_0,2,26.74046479301005,119.61770361661202,0.18270565342256664,0.06153896456694941,1.7320508075688772,1.7320508075688772,1,1,1.0,1.7320508075688772,"annotate_busby_phage_389,annotate_rosso_phage_190"
56,VC_153_0,9,931.6342237261506,432.8063666580658,0.682795740827242,1.2272105438695986e-15,4.58257569495584,8.306623862918075,36,36,1.0,6.439889890781747,"annotate_busby_phage_393,annotate_rosso_phage_32,annotate_virome_phage_19,annotate_virome_phage_2235,annotate_virome_phage_2301,annotate_virome_phage_52,annotate_virome_phage_57,annotate_virome_phage_754,annotate_virome_phage_803"
57,VC_154_0,2,3.3016255012616336,4.913303475733823,0.4019055442240934,0.27014568730370997,1.7320508075688772,1.7320508075688772,1,1,1.0,1.7320508075688772,"annotate_busby_phage_39,annotate_busby_phage_430"
58,VC_155_0,2,20.744898986351696,0,1.0,0.0,0.0,0.0,1,1,1.0,0.0,"annotate_busby_phage_397,annotate_busby_phage_7"
59,VC_156_0,2,6.653271948428057,0,1.0,0.0,0.0,0.0,1,1,1.0,0.0,"annotate_busby_phage_411,annotate_busby_phage_51"
60,VC_157_0,2,15.452150379017816,60.06155092786996,0.20462710887684152,0.058957804664182455,0.0,0.0,1,1,1.0,0.0,"annotate_busby_phage_412,annotate_busby_phage_52"
61,VC_158_0,2,2.2984903943960218,0,1.0,0.0,0.0,0.0,1,1,1.0,0.0,"annotate_busby_phage_414,annotate_busby_phage_66"
62,VC_159_0,2,9.226212319911308,28.450309778866604,0.24487961749023998,0.10564977366685535,1.0,1.0,1,1,1.0,1.0,"annotate_busby_phage_415,annotate_busby_phage_68"
63,VC_15_0,4,29.04034971050759,372.1591740804919,0.07238380902375109,0.06809452496216445,2.8284271247461903,3.605551275463989,6,6,1.0,3.1160639875277583,"annotate_busby_phage_219,annotate_busby_phage_242,annotate_busby_phage_244,annotate_deboutte_phage_455"
64,VC_160_0,2,6.235217652474202,0,1.0,0.0,0.0,0.0,1,1,1.0,0.0,"annotate_busby_phage_417,annotate_busby_phage_79"
65,VC_161_0,2,1.7036572285515277,9.274074141715028,0.15519210400483324,0.5,4.898979485566356,4.898979485566356,1,1,1.0,4.898979485566356,"annotate_deboutte_phage_270,annotate_total_phage_104"
66,VC_162_0,2,4.602492798502346,68.44353465170492,0.06300811911557672,0.053139033110822666,1.0,1.0,1,1,1.0,1.0,"annotate_busby_phage_432,annotate_busby_phage_434"
67,VC_163_0,2,8.807402437594693,29.515418805122053,0.2298213480112334,0.2266273523768682,3.0,3.0,1,1,1.0,3.0,"annotate_deboutte_phage_3,annotate_deboutte_phage_45"
68,VC_164_0,2,1.7258111652932628,30.717374310565802,0.0531948740538267,0.18554668476134878,3.872983346207417,3.872983346207417,1,1,1.0,3.872983346207417,"annotate_deboutte_phage_14,annotate_deboutte_phage_378"
69,VC_165_0,1,0,28.754994067764727,0.0,0.0,0,0,1,1,1,0,annotate_deboutte_phage_42
70,VC_166_0,6,146.44315780236377,345.7134649698374,0.2975539716960107,0.0011974612245108404,1.0,4.123105625617661,15,15,1.0,3.049848725620103,"annotate_deboutte_phage_212,annotate_deboutte_phage_231,annotate_deboutte_phage_256,annotate_deboutte_phage_258,annotate_deboutte_phage_295,annotate_deboutte_phage_315"
71,VC_167_0,2,12.96305717177982,10.567400642417038,0.5509054381406338,0.12078329348448641,1.7320508075688772,1.7320508075688772,1,1,1.0,1.7320508075688772,"annotate_deboutte_phage_403,annotate_deboutte_phage_450"
72,VC_168_0,2,5.503026393186466,8.458829094787477,0.39414721044251627,0.27014568730370997,1.7320508075688772,1.7320508075688772,1,1,1.0,1.7320508075688772,"annotate_deboutte_phage_22,annotate_deboutte_phage_384"
73,VC_169_0,2,15.205692367782936,16.66679464021946,0.4770789415951495,0.14442218317324246,3.605551275463989,3.605551275463989,1,1,1.0,3.605551275463989,"annotate_busby_phage_86,annotate_deboutte_phage_218"
74,VC_16_0,3,26.931807521948084,338.75952494736583,0.07364628343825458,0.21882264432797605,2.8284271247461903,3.605551275463989,3,3,1.0,3.25020106352186,"annotate_busby_phage_299,annotate_deboutte_phage_368,annotate_deboutte_phage_50"
75,VC_170_0,6,986.6697123659026,169.7963925751991,0.8531765074222848,0.0005383164322939007,1.4142135623730951,9.1104335791443,15,12,0.8,6.991563552812328,"annotate_deboutte_phage_113,annotate_deboutte_phage_135,annotate_deboutte_phage_512,annotate_rosso_phage_111,annotate_virome_phage_2323,annotate_virome_phage_25"
76,VC_171_0,2,11.193021670161531,4.350325812590604,0.7201165439157816,0.27014568730370997,3.3166247903554,3.3166247903554,1,1,1.0,3.3166247903554,"annotate_deboutte_phage_102,annotate_deboutte_phage_93"
77,VC_172_0,3,303.0112074738292,182.4992440119289,0.6241085161947697,0.004522097656790126,1.7320508075688772,6.324555320336759,3,3,1.0,4.767201375434678,"annotate_deboutte_phage_81,annotate_rosso_phage_12,annotate_total_phage_0"
78,VC_173_0,15,3173.8875492337593,3239.25086061793,0.4949039528537415,8.18527197664297e-20,3.4641016151377544,8.774964387392123,105,105,1.0,7.124613444964373,"annotate_rosso_phage_98,annotate_total_phage_100,annotate_total_phage_115,annotate_total_phage_116,annotate_total_phage_178,annotate_total_phage_369,annotate_total_phage_789,annotate_virome_phage_2315,annotate_virome_phage_2339,annotate_virome_phage_821,annotate_virome_phage_846,annotate_virome_phage_86,annotate_virome_phage_893,annotate_virome_phage_915,annotate_virome_phage_936"
79,VC_174_0,3,57.78695875759557,54.64462856885623,0.5139744099654815,0.3312602917700287,2.23606797749979,3.7416573867739413,3,3,1.0,3.19442554657924,"annotate_deboutte_phage_109,annotate_deboutte_phage_111,annotate_deboutte_phage_76"
80,VC_175_0,2,0,62.08065358804591,0.0,0.0,4.242640687119285,4.242640687119285,1,1,1.0,4.242640687119285,"annotate_deboutte_phage_13,annotate_deboutte_phage_54"
81,VC_176_0,1,0,57.63135695521246,0.0,0.0,0,0,1,1,1,0,annotate_deboutte_phage_53
82,VC_176_1,1,0,257.8928089501079,0.0,0.0,0,0,1,1,1,0,annotate_virome_phage_1
83,VC_177_0,2,19.535584994551773,2.791616190186338,0.8749679296080082,0.27014568730370997,5.0990195135927845,5.0990195135927845,1,1,1.0,5.0990195135927845,"annotate_virome_phage_753,annotate_virome_phage_854"
84,VC_178_0,22,10475.469361093474,5092.033381092945,0.6729062158894612,1.0290554904684829e-86,0.0,4.69041575982343,231,231,1.0,3.0289611808891412,"annotate_deboutte_phage_91,annotate_rosso_phage_123,annotate_rosso_phage_125,annotate_rosso_phage_127,annotate_rosso_phage_128,annotate_rosso_phage_129,annotate_rosso_phage_131,annotate_rosso_phage_136,annotate_rosso_phage_137,annotate_rosso_phage_140,annotate_rosso_phage_144,annotate_virome_phage_1032,annotate_virome_phage_1154,annotate_virome_phage_151,annotate_virome_phage_154,annotate_virome_phage_160,annotate_virome_phage_164,annotate_virome_phage_2388,annotate_virome_phage_2398,annotate_virome_phage_2403,annotate_virome_phage_949,annotate_virome_phage_955"
85,VC_17_0,6,1048.6823347845932,3097.2617869263745,0.2529417435447292,3.1283946762020394e-11,3.3166247903554,7.0,15,15,1.0,5.2015070273934905,"annotate_busby_phage_468,annotate_deboutte_phage_429,annotate_total_phage_245,annotate_total_phage_360,annotate_total_phage_371,annotate_total_phage_797"
86,VC_180_0,3,47.24498300380087,1337.4953004550105,0.034118298982240995,0.17994767427133118,2.6457513110645907,4.242640687119285,3,3,1.0,3.587125114797098,"annotate_rosso_phage_139,annotate_rosso_phage_142,annotate_virome_phage_1061"
87,VC_181_0,4,1044.872496675454,227.1086140669332,0.8214528406523411,0.0012073244568794233,2.8284271247461903,4.358898943540674,6,6,1.0,3.626348773309824,"annotate_deboutte_phage_511,annotate_rosso_phage_112,annotate_total_phage_112,annotate_virome_phage_27"
88,VC_182_0,2,3.544622873696029,0,1.0,0.0,1.4142135623730951,1.4142135623730951,1,1,1.0,1.4142135623730951,"annotate_deboutte_phage_127,annotate_deboutte_phage_44"
89,VC_184_0,21,7525.094791855254,1675.6692874204182,0.8178771596595122,7.815797437052114e-49,0.0,3.872983346207417,210,210,1.0,2.620611041451156,"annotate_rosso_phage_77,annotate_rosso_phage_78,annotate_rosso_phage_79,annotate_rosso_phage_80,annotate_rosso_phage_83,annotate_rosso_phage_84,annotate_rosso_phage_85,annotate_rosso_phage_86,annotate_rosso_phage_87,annotate_rosso_phage_88,annotate_rosso_phage_89,annotate_rosso_phage_90,annotate_rosso_phage_91,annotate_rosso_phage_92,annotate_rosso_phage_93,annotate_virome_phage_152,annotate_virome_phage_153,annotate_virome_phage_155,annotate_virome_phage_2382,annotate_virome_phage_2389,annotate_virome_phage_2402"
90,VC_186_0,4,186.68369785005106,126.464662649753,0.5961509667561165,0.0021873804512948986,3.0,7.874007874011811,6,6,1.0,6.462912110011435,"annotate_deboutte_phage_148,annotate_deboutte_phage_194,annotate_deboutte_phage_198,annotate_deboutte_phage_200"
91,VC_187_0,5,445.43520777392115,262.2278145016639,0.6294453627682349,7.40768835945919e-06,4.898979485566356,7.483314773547883,10,10,1.0,6.438131257049117,"annotate_deboutte_phage_186,annotate_deboutte_phage_188,annotate_deboutte_phage_199,annotate_rosso_phage_120,annotate_virome_phage_895"
92,VC_188_0,2,10.377139874254375,88.45097266637609,0.10500190287442857,0.08258408158231173,7.615773105863909,7.615773105863909,1,1,1.0,7.615773105863909,"annotate_virome_phage_761,annotate_virome_phage_794"
93,VC_189_0,6,69.6658102838149,29.971380010007458,0.6991948496176561,0.1860560555238483,5.0,8.246211251235321,15,15,1.0,6.673992275418624,"annotate_virome_phage_72,annotate_virome_phage_808,annotate_virome_phage_810,annotate_virome_phage_833,annotate_virome_phage_861,annotate_virome_phage_871"
94,VC_18_0,34,23677.43373918233,15861.267733415007,0.5988419664108644,4.442649326871389e-230,1.7320508075688772,9.0,561,560,0.9982174688057041,6.1309941835980615,"annotate_busby_phage_461,annotate_deboutte_phage_130,annotate_deboutte_phage_430,annotate_deboutte_phage_485,annotate_deboutte_phage_518,annotate_deboutte_phage_60,annotate_rosso_phage_16,annotate_total_phage_11,annotate_total_phage_114,annotate_total_phage_117,annotate_total_phage_12,annotate_total_phage_121,annotate_total_phage_122,annotate_total_phage_123,annotate_total_phage_188,annotate_total_phage_248,annotate_total_phage_249,annotate_total_phage_293,annotate_total_phage_305,annotate_total_phage_368,annotate_total_phage_4,annotate_total_phage_415,annotate_total_phage_737,annotate_total_phage_738,annotate_total_phage_739,annotate_total_phage_796,annotate_total_phage_798,annotate_total_phage_800,annotate_virome_phage_2360,annotate_virome_phage_800,annotate_virome_phage_807,annotate_virome_phage_88,annotate_virome_phage_882,annotate_virome_phage_935"
95,VC_190_0,2,15.519189200979202,0,1.0,0.0,0.0,0.0,1,1,1.0,0.0,"annotate_deboutte_phage_167,annotate_deboutte_phage_412"
96,VC_191_0,2,74.82245372197048,112.71942857082817,0.39896396904641473,0.05928571622219683,5.477225575051661,5.477225575051661,1,1,1.0,5.477225575051661,"annotate_virome_phage_75,annotate_virome_phage_78"
97,VC_192_0,2,20.92288664802193,24.534598249841356,0.4602737413878656,0.08122774863430332,4.58257569495584,4.58257569495584,1,1,1.0,4.58257569495584,"annotate_deboutte_phage_168,annotate_virome_phage_843"
98,VC_193_0,4,44.46061674488257,68.0816569238625,0.3950570331975624,0.06607555750890302,5.385164807134504,6.48074069840786,6,6,1.0,5.974502219294237,"annotate_virome_phage_76,annotate_virome_phage_812,annotate_virome_phage_832,annotate_virome_phage_911"
99,VC_194_0,12,5664.408710788759,1480.075410032448,0.7928366296288549,2.664027447807906e-21,1.4142135623730951,6.928203230275509,66,66,1.0,4.635554788263047,"annotate_deboutte_phage_35,annotate_deboutte_phage_369,annotate_rosso_phage_55,annotate_rosso_phage_56,annotate_rosso_phage_57,annotate_virome_phage_2274,annotate_virome_phage_2320,annotate_virome_phage_2356,annotate_virome_phage_81,annotate_virome_phage_819,annotate_virome_phage_822,annotate_virome_phage_831"
100,VC_195_0,2,28.4104890675261,81.48877751038515,0.25851390962090687,0.36183680491588155,8.54400374531753,8.54400374531753,1,1,1.0,8.54400374531753,"annotate_deboutte_phage_178,annotate_virome_phage_7"
101,VC_195_1,1,0,78.51174030886511,0.0,0.0,0,0,1,1,1,0,annotate_virome_phage_3
102,VC_196_0,3,63.766696512271366,0,1.0,0.0,2.6457513110645907,4.69041575982343,3,3,1.0,3.7363834723651457,"annotate_deboutte_phage_179,annotate_deboutte_phage_289,annotate_deboutte_phage_435"
103,VC_197_0,2,36.00817348620214,580.3327335060976,0.05842249488504583,0.1239487784265021,4.0,4.0,1,1,1.0,4.0,"annotate_deboutte_phage_473,annotate_virome_phage_112"
104,VC_198_0,2,2.146669140811823,3.726842236889362,0.3654830990813541,0.17288929307558015,3.1622776601683795,3.1622776601683795,1,1,1.0,3.1622776601683795,"annotate_deboutte_phage_62,annotate_deboutte_phage_69"
105,VC_199_0,6,527.406611280823,203.7778484404981,0.7213044591809779,8.74411935874357e-08,3.0,5.5677643628300215,15,15,1.0,4.797114176191164,"annotate_deboutte_phage_183,annotate_deboutte_phage_184,annotate_deboutte_phage_187,annotate_deboutte_phage_208,annotate_deboutte_phage_227,annotate_virome_phage_42"
106,VC_19_0,2,157.46241761991888,633.8757543039379,0.1989824618684893,0.044642593189429126,3.4641016151377544,3.4641016151377544,1,1,1.0,3.4641016151377544,"annotate_total_phage_658,annotate_total_phage_692"
107,VC_1_0,7,1422.6822218542013,2060.2012295858212,0.4084782743063032,2.7081610341542066e-14,4.898979485566356,7.681145747868608,21,21,1.0,6.527506105347375,"annotate_deboutte_phage_123,annotate_deboutte_phage_153,annotate_deboutte_phage_86,annotate_rosso_phage_29,annotate_total_phage_2,annotate_virome_phage_2324,annotate_virome_phage_39"
108,VC_200_0,2,11.847207871587944,101.27564570650789,0.10472868652848358,0.1390378433104426,4.0,4.0,1,1,1.0,4.0,"annotate_deboutte_phage_205,annotate_deboutte_phage_298"
109,VC_201_0,3,30.03904238173517,95.66566843582312,0.23896512856493005,0.5,2.8284271247461903,4.242640687119285,3,3,1.0,3.690355937288491,"annotate_deboutte_phage_214,annotate_deboutte_phage_250,annotate_deboutte_phage_277"
110,VC_202_0,2,0,19.636723623680123,0.0,0.0,3.605551275463989,3.605551275463989,1,1,1.0,3.605551275463989,"annotate_deboutte_phage_327,annotate_deboutte_phage_356"
111,VC_203_0,3,10.910171867921756,5.327636645653466,0.6718992811622686,0.07445733658938286,3.0,4.58257569495584,3,3,1.0,4.018237216651806,"annotate_deboutte_phage_189,annotate_deboutte_phage_349,annotate_deboutte_phage_354"
112,VC_204_0,4,188.5233546493531,199.03107044824608,0.4864435610608152,0.00016442547605101724,4.58257569495584,6.782329983125268,6,6,1.0,6.033242850949487,"annotate_deboutte_phage_203,annotate_deboutte_phage_446,annotate_virome_phage_766,annotate_virome_phage_870"
113,VC_205_0,3,35.586942740355454,48.16039252599416,0.4249322396608193,0.014092901073953692,0.0,1.4142135623730951,3,3,1.0,0.9428090415820635,"annotate_deboutte_phage_264,annotate_deboutte_phage_299,annotate_deboutte_phage_317"
114,VC_206_0,3,32.364896797891475,20.480476661839894,0.6124452280113756,0.009316802677085708,4.242640687119285,5.0,3,3,1.0,4.533846543553319,"annotate_virome_phage_764,annotate_virome_phage_783,annotate_virome_phage_868"
115,VC_207_0,3,18.042241674719538,24.916533077618855,0.41998967099818035,0.07779017389609892,1.0,1.4142135623730951,3,3,1.0,1.1380711874576983,"annotate_deboutte_phage_290,annotate_deboutte_phage_303,annotate_deboutte_phage_329"
116,VC_20_0,2,7.641583337681495,5.226663998099246,0.593832488472127,0.27014568730370997,0.0,0.0,1,1,1.0,0.0,"annotate_busby_phage_132,annotate_busby_phage_428"
117,VC_212_0,2,116.32682998894192,89.57861207879616,0.5649526735222137,0.06832050240374155,7.14142842854285,7.14142842854285,1,1,1.0,7.14142842854285,"annotate_virome_phage_15,annotate_virome_phage_2272"
118,VC_213_0,3,36.90429016005068,11.723242803789773,0.7589175907297785,0.38641499634222376,4.58257569495584,5.291502622129181,3,3,1.0,4.958026105695008,"annotate_deboutte_phage_213,annotate_virome_phage_46,annotate_virome_phage_58"
119,VC_214_0,3,144.4090845648803,56.82939627745932,0.7176017427701497,0.011327247040044673,4.795831523312719,7.937253933193772,3,3,1.0,6.8690311101727675,"annotate_virome_phage_2296,annotate_virome_phage_38,annotate_virome_phage_786"
120,VC_215_0,3,32.28736440734497,3.705592325585256,0.8970467374191856,0.07445733658938286,3.0,3.605551275463989,3,3,1.0,3.3565509635339144,"annotate_deboutte_phage_219,annotate_deboutte_phage_350,annotate_virome_phage_98"
121,VC_216_0,1,0,42.98856226341614,0.0,0.0,0,0,1,1,1,0,annotate_deboutte_phage_229
122,VC_217_0,14,1682.646169924159,164.93750744953445,0.9107279905806539,8.672493168131411e-07,0.0,4.242640687119285,91,91,1.0,2.6169170657348726,"annotate_deboutte_phage_234,annotate_virome_phage_1092,annotate_virome_phage_1109,annotate_virome_phage_1117,annotate_virome_phage_1131,annotate_virome_phage_1142,annotate_virome_phage_1279,annotate_virome_phage_1411,annotate_virome_phage_1541,annotate_virome_phage_1668,annotate_virome_phage_1675,annotate_virome_phage_2465,annotate_virome_phage_2530,annotate_virome_phage_440"
123,VC_218_0,2,15.773937430209802,64.8045531438131,0.19575866112457369,0.07078943167762192,3.0,3.0,1,1,1.0,3.0,"annotate_deboutte_phage_248,annotate_deboutte_phage_266"
124,VC_21_0,5,109.7729895742422,728.8425203289308,0.13089787665257543,0.10564542947849143,2.23606797749979,6.244997998398398,10,10,1.0,4.185442445238935,"annotate_busby_phage_261,annotate_busby_phage_262,annotate_deboutte_phage_156,annotate_deboutte_phage_84,annotate_total_phage_308"
125,VC_220_0,2,16.591968749499475,5.70089188269691,0.7442727527546008,0.27014568730370997,3.1622776601683795,3.1622776601683795,1,1,1.0,3.1622776601683795,"annotate_deboutte_phage_253,annotate_deboutte_phage_326"
126,VC_221_0,3,28.865025137762924,0,1.0,0.0,2.0,3.7416573867739413,3,3,1.0,3.0685863339705652,"annotate_deboutte_phage_272,annotate_deboutte_phage_288,annotate_deboutte_phage_306"
127,VC_222_0,2,3.1073019381425158,18.710687474353534,0.1424192614358332,0.06859180139148136,2.8284271247461903,2.8284271247461903,1,1,1.0,2.8284271247461903,"annotate_virome_phage_1082,annotate_virome_phage_177"
128,VC_223_0,2,38.92929373472892,0,1.0,0.0,1.4142135623730951,1.4142135623730951,1,1,1.0,1.4142135623730951,"annotate_deboutte_phage_300,annotate_deboutte_phage_320"
129,VC_225_0,4,93.32836204502831,20.873644119112463,0.8172217387397634,0.00411950941286232,5.385164807134504,6.4031242374328485,6,6,1.0,6.0855582630807605,"annotate_virome_phage_109,annotate_virome_phage_788,annotate_virome_phage_818,annotate_virome_phage_827"
130,VC_226_0,6,318.13322150862524,765.3107245844982,0.2936314542674839,7.807202457554686e-08,1.0,4.123105625617661,15,15,1.0,3.130176388107499,"annotate_rosso_phage_164,annotate_rosso_phage_176,annotate_virome_phage_239,annotate_virome_phage_2407,annotate_virome_phage_2424,annotate_virome_phage_318"
131,VC_227_0,2,7.602963029516428,16.344812005467634,0.3174809776027065,0.27014568730370997,2.449489742783178,2.449489742783178,1,1,1.0,2.449489742783178,"annotate_deboutte_phage_345,annotate_deboutte_phage_59"
132,VC_228_0,1,0,59.266555204718046,0.0,0.0,0,0,1,1,1,0,annotate_deboutte_phage_422
133,VC_229_0,2,2.395231586225665,1.2287791854908443,0.6609339036514965,0.5,4.898979485566356,4.898979485566356,1,1,1.0,4.898979485566356,"annotate_deboutte_phage_364,annotate_virome_phage_73"
134,VC_22_0,6,933.1325291376385,1546.9780305221627,0.3762463433346443,2.7769681321646843e-10,1.4142135623730951,8.48528137423857,15,15,1.0,6.768330055411917,"annotate_busby_phage_163,annotate_deboutte_phage_421,annotate_rosso_phage_24,annotate_total_phage_113,annotate_total_phage_795,annotate_virome_phage_798"
135,VC_230_0,8,954.386928669941,818.4988040337709,0.538323994076295,2.0581361451306314e-12,2.8284271247461903,5.385164807134504,28,28,1.0,4.091935328203622,"annotate_rosso_phage_108,annotate_rosso_phage_109,annotate_rosso_phage_110,annotate_total_phage_808,annotate_virome_phage_2347,annotate_virome_phage_2355,annotate_virome_phage_2372,annotate_virome_phage_909"
136,VC_231_0,4,28.80485342071883,15.12999605405287,0.6556265416878047,0.07183604090348011,3.3166247903554,5.656854249492381,6,6,1.0,4.881910072084789,"annotate_virome_phage_2333,annotate_virome_phage_851,annotate_virome_phage_875,annotate_virome_phage_997"
137,VC_232_0,4,99.24444342875731,74.63671389471432,0.5707601959661022,0.0028316314143945285,4.58257569495584,9.219544457292887,6,5,0.8333333333333334,8.091511955892841,"annotate_deboutte_phage_424,annotate_deboutte_phage_520,annotate_virome_phage_5,annotate_virome_phage_9"
138,VC_233_0,2,2.84167256628096,14.052264304660651,0.16820665236229063,0.19136654444261297,6.324555320336759,6.324555320336759,1,1,1.0,6.324555320336759,"annotate_deboutte_phage_432,annotate_virome_phage_51"
139,VC_234_0,6,463.647642998247,419.41623357363807,0.5250442864882654,5.023173146286199e-10,0.0,2.23606797749979,15,15,1.0,1.2688409258209765,"annotate_deboutte_phage_441,annotate_rosso_phage_169,annotate_total_phage_611,annotate_virome_phage_2263,annotate_virome_phage_2496,annotate_virome_phage_280"
140,VC_235_0,13,1275.7247366427641,419.41623357363807,0.7525773720635781,2.309347478487476e-25,0.0,3.1622776601683795,78,78,1.0,2.2865367604426905,"annotate_virome_phage_1155,annotate_virome_phage_1217,annotate_virome_phage_1236,annotate_virome_phage_1286,annotate_virome_phage_1446,annotate_virome_phage_1467,annotate_virome_phage_1565,annotate_virome_phage_1784,annotate_virome_phage_1873,annotate_virome_phage_2624,annotate_virome_phage_271,annotate_virome_phage_272,annotate_virome_phage_275"
141,VC_236_0,2,7.602963029516428,44.69722930875523,0.145371607437719,0.16646080403278296,1.7320508075688772,1.7320508075688772,1,1,1.0,1.7320508075688772,"annotate_deboutte_phage_445,annotate_deboutte_phage_460"
142,VC_237_0,2,5.527198763590898,61.911002962866306,0.08195946247218036,0.4232252984382953,3.1622776601683795,3.1622776601683795,1,1,1.0,3.1622776601683795,"annotate_deboutte_phage_488,annotate_deboutte_phage_510"
143,VC_239_0,1,0,282.91652964184055,0.0,0.0,0,0,1,1,1,0,annotate_virome_phage_2350
144,VC_241_0,2,24.794460693976283,1.0430644408320902,0.9596298625588225,0.5,1.4142135623730951,1.4142135623730951,1,1,1.0,1.4142135623730951,"annotate_deboutte_phage_73,annotate_rosso_phage_115"
145,VC_242_0,2,23.489231407907283,14.153942769157457,0.6239970969881392,0.12078329348448641,4.47213595499958,4.47213595499958,1,1,1.0,4.47213595499958,"annotate_virome_phage_804,annotate_virome_phage_838"
146,VC_243_0,3,137.38105728106063,0,1.0,0.0,1.0,1.4142135623730951,3,3,1.0,1.1380711874576983,"annotate_rosso_phage_10,annotate_virome_phage_145,annotate_virome_phage_2368"
147,VC_244_0,2,61.93288531578844,0,1.0,0.0,2.23606797749979,2.23606797749979,1,1,1.0,2.23606797749979,"annotate_rosso_phage_11,annotate_virome_phage_2342"
148,VC_245_0,2,4.690474682409525,0,1.0,0.0,2.8284271247461903,2.8284271247461903,1,1,1.0,2.8284271247461903,"annotate_rosso_phage_113,annotate_rosso_phage_114"
149,VC_246_0,4,233.16028550670615,15.148713597326847,0.9389924905984578,0.014092901073953692,1.4142135623730951,2.449489742783178,6,6,1.0,1.9545677683854246,"annotate_rosso_phage_116,annotate_rosso_phage_117,annotate_rosso_phage_118,annotate_virome_phage_2409"
150,VC_247_0,2,17.267886165121087,586.9870027664454,0.028577155901301648,0.3889204138950305,3.3166247903554,3.3166247903554,1,1,1.0,3.3166247903554,"annotate_rosso_phage_74,annotate_rosso_phage_75"
151,VC_248_0,2,7.125914087916562,22.115467532362896,0.24369279743521435,0.5,2.23606797749979,2.23606797749979,1,1,1.0,2.23606797749979,"annotate_rosso_phage_26,annotate_rosso_phage_27"
152,VC_249_0,2,204.96688764875896,0,1.0,0.0,3.1622776601683795,3.1622776601683795,1,1,1.0,3.1622776601683795,"annotate_total_phage_231,annotate_total_phage_92"
153,VC_250_0,2,6.638388210038385,0,1.0,0.0,6.6332495807108,6.6332495807108,1,1,1.0,6.6332495807108,"annotate_total_phage_232,annotate_total_phage_729"
154,VC_251_0,2,25.90840404630147,4.6559315333319695,0.8476678309855212,0.27014568730370997,0.0,0.0,1,1,1.0,0.0,"annotate_total_phage_462,annotate_total_phage_488"
155,VC_252_0,2,19.841808999355575,4.6559315333319695,0.8099444507088512,0.27014568730370997,1.0,1.0,1,1,1.0,1.0,"annotate_total_phage_650,annotate_total_phage_711"
156,VC_253_0,3,35.15511857641984,12.613260610536242,0.735949579508017,0.036099098850828765,0.0,2.0,3,3,1.0,1.3333333333333333,"annotate_total_phage_471,annotate_total_phage_512,annotate_total_phage_609"
157,VC_254_0,2,3.5924219778234745,0,1.0,0.0,8.18535277187245,8.18535277187245,1,1,1.0,8.18535277187245,"annotate_total_phage_927,annotate_total_phage_95"
158,VC_255_0,2,13.779916476238135,35.931798703520315,0.27719656073844384,0.5,8.831760866327848,8.831760866327848,1,1,1.0,8.831760866327848,"annotate_virome_phage_2269,annotate_virome_phage_2270"
159,VC_255_1,1,0,34.605221926492455,0.0,0.0,0,0,1,1,1,0,annotate_virome_phage_734
160,VC_256_0,2,4.858691350753749,15.00614461761609,0.24458753943350411,0.36183680491588155,6.782329983125268,6.782329983125268,1,1,1.0,6.782329983125268,"annotate_virome_phage_2295,annotate_virome_phage_63"
161,VC_257_0,2,18.93873483182421,0,1.0,0.0,1.0,1.0,1,1,1.0,1.0,"annotate_virome_phage_1770,annotate_virome_phage_1813"
162,VC_258_0,2,16.24642927610449,25.275633819222005,0.3912722072312708,0.27014568730370997,8.306623862918075,8.306623862918075,1,1,1.0,8.306623862918075,"annotate_virome_phage_2282,annotate_virome_phage_760"
163,VC_258_1,1,0,47.99292105922733,0.0,0.0,0,0,1,1,1,0,annotate_virome_phage_34
164,VC_259_0,3,110.7246789185151,29.444053200853038,0.7899385065723616,0.00945177150556067,4.795831523312719,5.916079783099616,3,3,1.0,5.514287733752546,"annotate_virome_phage_32,annotate_virome_phage_54,annotate_virome_phage_787"
165,VC_25_0,2,27.53163033594614,451.63749840304064,0.057457020255875416,0.05247529305721736,1.7320508075688772,1.7320508075688772,1,1,1.0,1.7320508075688772,"annotate_busby_phage_28,annotate_busby_phage_403"
166,VC_260_0,2,47.4663991730005,11.567018885299174,0.8040598144956485,0.14442218317324246,5.0990195135927845,5.0990195135927845,1,1,1.0,5.0990195135927845,"annotate_virome_phage_66,annotate_virome_phage_69"
167,VC_261_0,2,24.00068558742945,13.58514754607043,0.6385567003977857,0.18554668476134878,4.0,4.0,1,1,1.0,4.0,"annotate_virome_phage_914,annotate_virome_phage_925"
168,VC_262_0,2,36.54156980463928,19.603282945856396,0.6508445211714742,0.12078329348448641,5.385164807134504,5.385164807134504,1,1,1.0,5.385164807134504,"annotate_virome_phage_834,annotate_virome_phage_857"
169,VC_263_0,2,7.232712957068194,0,1.0,0.0,6.4031242374328485,6.4031242374328485,1,1,1.0,6.4031242374328485,"annotate_virome_phage_746,annotate_virome_phage_748"
170,VC_264_0,2,6.910673125219659,0,1.0,0.0,4.58257569495584,4.58257569495584,1,1,1.0,4.58257569495584,"annotate_virome_phage_756,annotate_virome_phage_762"
171,VC_265_0,2,34.0281194813749,0,1.0,0.0,4.795831523312719,4.795831523312719,1,1,1.0,4.795831523312719,"annotate_virome_phage_835,annotate_virome_phage_881"
172,VC_266_0,2,50.35840664902799,25.618450597718557,0.6628124467623254,0.12078329348448641,3.3166247903554,3.3166247903554,1,1,1.0,3.3166247903554,"annotate_virome_phage_865,annotate_virome_phage_878"
173,VC_267_0,2,6.344822310835746,2.4841536946259044,0.7186362616582949,0.27014568730370997,3.1622776601683795,3.1622776601683795,1,1,1.0,3.1622776601683795,"annotate_virome_phage_903,annotate_virome_phage_979"
174,VC_26_0,11,5692.875238043597,7200.766993977853,0.4415257640626402,2.0195034396213426e-33,2.23606797749979,5.291502622129181,55,55,1.0,3.864614140598421,"annotate_busby_phage_285,annotate_deboutte_phage_136,annotate_deboutte_phage_151,annotate_deboutte_phage_505,annotate_rosso_phage_58,annotate_rosso_phage_60,annotate_rosso_phage_69,annotate_virome_phage_110,annotate_virome_phage_23,annotate_virome_phage_2328,annotate_virome_phage_2330"
175,VC_27_0,21,6899.922266761195,1986.3780238804188,0.7764673757455256,1.096543191590574e-71,0.0,4.242640687119285,210,210,1.0,2.8798174821660494,"annotate_deboutte_phage_397,annotate_rosso_phage_41,annotate_rosso_phage_42,annotate_rosso_phage_43,annotate_rosso_phage_44,annotate_rosso_phage_45,annotate_rosso_phage_47,annotate_rosso_phage_48,annotate_rosso_phage_50,annotate_total_phage_18,annotate_total_phage_254,annotate_virome_phage_1004,annotate_virome_phage_1006,annotate_virome_phage_1033,annotate_virome_phage_181,annotate_virome_phage_183,annotate_virome_phage_189,annotate_virome_phage_191,annotate_virome_phage_2260,annotate_virome_phage_2522,annotate_virome_phage_993"
176,VC_28_0,4,40.81546375690689,491.19102038916975,0.07671986145510945,0.02377354764079976,1.0,3.872983346207417,6,6,1.0,2.791491800924723,"annotate_deboutte_phage_10,annotate_deboutte_phage_413,annotate_deboutte_phage_502,annotate_deboutte_phage_71"
177,VC_29_0,3,14.345314628286687,176.54430473197692,0.07514978905800504,0.4317765620106279,2.6457513110645907,4.47213595499958,3,3,1.0,3.7469976305606103,"annotate_busby_phage_271,annotate_busby_phage_274,annotate_busby_phage_89"
178,VC_2_0,2,1.7658612944687206,0,1.0,0.0,0.0,0.0,1,1,1.0,0.0,"annotate_busby_phage_101,annotate_busby_phage_422"
179,VC_30_0,1,0,235.73596324140854,0.0,0.0,0,0,1,1,1,0,annotate_deboutte_phage_402
180,VC_31_0,2,17.139990389059854,212.94463306034126,0.07449428880600177,0.10774975453466351,6.0,6.0,1,1,1.0,6.0,"annotate_rosso_phage_184,annotate_virome_phage_2329"
181,VC_32_0,4,180.48752105971835,1537.6442599868792,0.10504870642097933,0.004455032604559858,1.4142135623730951,3.4641016151377544,6,6,1.0,2.7220159099680683,"annotate_rosso_phage_71,annotate_rosso_phage_72,annotate_rosso_phage_73,annotate_virome_phage_193"
182,VC_33_0,14,5495.384594224895,7745.09669631508,0.4150441720084015,1.8793158279555552e-40,1.4142135623730951,5.656854249492381,91,91,1.0,4.0664087203971,"annotate_deboutte_phage_137,annotate_deboutte_phage_469,annotate_rosso_phage_5,annotate_rosso_phage_6,annotate_rosso_phage_61,annotate_rosso_phage_63,annotate_rosso_phage_64,annotate_rosso_phage_65,annotate_rosso_phage_68,annotate_virome_phage_104,annotate_virome_phage_196,annotate_virome_phage_862,annotate_virome_phage_900,annotate_virome_phage_97"
183,VC_34_0,8,808.0684011703786,1469.4674776230702,0.3547994166390311,1.0122401518782117e-14,5.656854249492381,9.219544457292887,28,26,0.9285714285714286,7.319914446858829,"annotate_busby_phage_470,annotate_deboutte_phage_165,annotate_deboutte_phage_390,annotate_total_phage_239,annotate_total_phage_446,annotate_virome_phage_2288,annotate_virome_phage_776,annotate_virome_phage_79"
184,VC_35_0,14,2657.3169974948523,1781.1523895055461,0.5987012111151943,8.580246262760991e-37,1.7320508075688772,9.1104335791443,91,87,0.9560439560439561,6.535708325596691,"annotate_busby_phage_317,annotate_busby_phage_476,annotate_deboutte_phage_436,annotate_deboutte_phage_486,annotate_deboutte_phage_517,annotate_deboutte_phage_70,annotate_rosso_phage_147,annotate_total_phage_175,annotate_total_phage_363,annotate_total_phage_793,annotate_total_phage_806,annotate_total_phage_9,annotate_virome_phage_2299,annotate_virome_phage_792"
185,VC_37_0,2,8.43979699343631,504.6559976720845,0.016448774441696765,0.33247996617004133,6.48074069840786,6.48074069840786,1,1,1.0,6.48074069840786,"annotate_busby_phage_182,annotate_virome_phage_127"
186,VC_37_1,1,0,1168.5473816972296,0.0,0.0,0,0,1,1,1,0,annotate_total_phage_233
187,VC_38_0,15,5145.643295751765,8087.851312179756,0.388834805030843,2.6204500230182695e-55,3.0,9.38083151964686,105,102,0.9714285714285714,7.044667670359567,"annotate_deboutte_phage_516,annotate_total_phage_111,annotate_total_phage_414,annotate_total_phage_479,annotate_total_phage_524,annotate_total_phage_734,annotate_total_phage_735,annotate_virome_phage_144,annotate_virome_phage_2298,annotate_virome_phage_2310,annotate_virome_phage_2335,annotate_virome_phage_785,annotate_virome_phage_815,annotate_virome_phage_828,annotate_virome_phage_839"
188,VC_39_0,2,8.397408778579578,120.55485559090916,0.0651202894314315,0.4020403287359807,3.1622776601683795,3.1622776601683795,1,1,1.0,3.1622776601683795,"annotate_deboutte_phage_118,annotate_rosso_phage_21"
189,VC_3_0,2,16.004289880883924,77.44130188343952,0.17126853796643404,0.07500776063709283,0.0,0.0,1,1,1.0,0.0,"annotate_busby_phage_109,annotate_busby_phage_423"
190,VC_40_0,6,763.0392693523431,2401.077451827895,0.24115395751510837,5.038385420505342e-09,3.872983346207417,8.06225774829855,15,15,1.0,6.492421842648904,"annotate_deboutte_phage_152,annotate_deboutte_phage_370,annotate_rosso_phage_28,annotate_total_phage_105,annotate_total_phage_925,annotate_virome_phage_83"
191,VC_41_0,10,525.1962343917163,3289.373305220362,0.13768165160914225,9.003904967171635e-07,2.0,5.0,45,45,1.0,3.40334469210856,"annotate_busby_phage_187,annotate_busby_phage_213,annotate_busby_phage_277,annotate_busby_phage_289,annotate_busby_phage_290,annotate_busby_phage_291,annotate_deboutte_phage_260,annotate_deboutte_phage_28,annotate_deboutte_phage_483,annotate_deboutte_phage_491"
192,VC_42_0,3,21.35773455910445,213.27528212643776,0.09102612607895813,0.10131645534210199,3.7416573867739413,4.358898943540674,3,3,1.0,3.9911798921740114,"annotate_busby_phage_251,annotate_deboutte_phage_143,annotate_rosso_phage_165"
193,VC_43_0,2,38.64419369688867,264.7413755567178,0.12737650571832296,0.04952382323252361,0.0,0.0,1,1,1.0,0.0,"annotate_busby_phage_296,annotate_busby_phage_297"
194,VC_44_0,2,1.3426206118610011,28.451750061127278,0.045062895491134757,0.16646080403278296,3.872983346207417,3.872983346207417,1,1,1.0,3.872983346207417,"annotate_busby_phage_156,annotate_busby_phage_211"
195,VC_48_0,2,14.311180303025465,8.915948056727471,0.6161407506501458,0.14442218317324246,0.0,0.0,1,1,1.0,0.0,"annotate_busby_phage_409,annotate_busby_phage_43"
196,VC_4_0,5,429.680262242523,403.65235265490753,0.5156167592161379,2.4082384634834477e-07,2.449489742783178,4.795831523312719,10,10,1.0,3.883431255984211,"annotate_busby_phage_464,annotate_virome_phage_2366,annotate_virome_phage_2380,annotate_virome_phage_2914,annotate_virome_phage_902"
197,VC_50_0,2,14.879840657972856,66.69391015761558,0.1824096662124966,0.5,4.242640687119285,4.242640687119285,1,1,1.0,4.242640687119285,"annotate_deboutte_phage_263,annotate_deboutte_phage_319"
198,VC_51_0,3,25.452567424619737,140.06252579086103,0.15377792399562953,0.016935063487440494,6.48074069840786,7.416198487095663,3,3,1.0,6.965646395167841,"annotate_rosso_phage_161,annotate_virome_phage_70,annotate_virome_phage_77"
199,VC_54_0,4,102.56645606757837,246.06226269450383,0.29419967589524293,0.00044982465580838945,5.196152422706632,8.18535277187245,6,6,1.0,6.793282596497857,"annotate_virome_phage_2286,annotate_virome_phage_43,annotate_virome_phage_68,annotate_virome_phage_913"
200,VC_55_0,4,255.77317365043928,209.55198482565308,0.5496654736831309,0.0005806481353272213,4.242640687119285,7.681145747868608,6,6,1.0,6.485519820972523,"annotate_busby_phage_472,annotate_rosso_phage_162,annotate_total_phage_437,annotate_virome_phage_2305"
201,VC_56_0,2,38.847332921850565,158.50860276312204,0.19683893867707236,0.05288739749315776,5.656854249492381,5.656854249492381,1,1,1.0,5.656854249492381,"annotate_busby_phage_467,annotate_total_phage_786"
202,VC_57_0,4,407.9292302504932,226.54056800867963,0.642945072200047,4.209589861797834e-05,2.449489742783178,3.605551275463989,6,6,1.0,3.139294570623387,"annotate_total_phage_782,annotate_total_phage_930,annotate_total_phage_98,annotate_total_phage_99"
203,VC_58_0,3,43.104875358597475,429.8122775764176,0.09114677928487115,0.013055989598989043,3.4641016151377544,4.242640687119285,3,3,1.0,3.816133229676994,"annotate_busby_phage_456,annotate_deboutte_phage_117,annotate_deboutte_phage_134"
204,VC_59_0,2,4.279935147517301,79.28126980590393,0.05121916504079885,0.36422709450533236,3.7416573867739413,3.7416573867739413,1,1,1.0,3.7416573867739413,"annotate_busby_phage_431,annotate_deboutte_phage_24"
205,VC_5_0,2,24.22241816200279,0,1.0,0.0,0.0,0.0,1,1,1.0,0.0,"annotate_busby_phage_112,annotate_busby_phage_424"
206,VC_60_0,5,333.2618114882327,807.7151043068149,0.29208462228704385,8.660045428228777e-08,3.0,7.0,10,10,1.0,5.066942556073895,"annotate_total_phage_639,annotate_total_phage_666,annotate_virome_phage_142,annotate_virome_phage_2304,annotate_virome_phage_912"
207,VC_62_0,2,17.619583260464665,43.3512200325308,0.2889839449185814,0.36183680491588155,3.0,3.0,1,1,1.0,3.0,"annotate_deboutte_phage_36,annotate_deboutte_phage_8"
208,VC_63_0,2,2.256887856761172,25.66383772090944,0.08083199165017764,0.4465546209829414,5.477225575051661,5.477225575051661,1,1,1.0,5.477225575051661,"annotate_total_phage_929,annotate_virome_phage_2314"
209,VC_64_0,3,49.64833224544442,155.1744400023273,0.24239654458628956,0.42665370984355766,2.0,3.605551275463989,3,3,1.0,2.9740586886064633,"annotate_deboutte_phage_37,annotate_rosso_phage_100,annotate_rosso_phage_99"
210,VC_65_0,4,902.8866771077232,572.3790693625202,0.612016295550813,0.0005611896883535962,4.69041575982343,9.746794344808963,6,4,0.6666666666666666,7.668133350247225,"annotate_busby_phage_165,annotate_rosso_phage_154,annotate_virome_phage_21,annotate_virome_phage_740"
211,VC_65_1,2,42.24810331064701,522.3031090646251,0.07483484648433202,0.5,9.0,9.0,1,0,0.0,9.0,"annotate_virome_phage_2278,annotate_virome_phage_755"
212,VC_66_0,3,27.893942548049143,83.39229003707113,0.25065043447053265,0.31036180904151667,4.0,5.744562646538029,3,3,1.0,5.1630417643586854,"annotate_busby_phage_169,annotate_busby_phage_359,annotate_busby_phage_360"
213,VC_67_0,4,248.08822798932826,272.8730452141705,0.47621241875385933,4.32191066403032e-05,0.0,5.196152422706632,6,6,1.0,3.395094484036244,"annotate_total_phage_520,annotate_total_phage_600,annotate_total_phage_655,annotate_total_phage_696"
214,VC_68_0,2,62.28627173014367,200.4155364085724,0.2370987553205354,0.049641666684874595,4.123105625617661,4.123105625617661,1,1,1.0,4.123105625617661,"annotate_deboutte_phage_193,annotate_total_phage_8"
215,VC_69_0,2,21.97640579721792,69.5914870765059,0.24000121775789204,0.2790923247113286,7.483314773547883,7.483314773547883,1,1,1.0,7.483314773547883,"annotate_busby_phage_170,annotate_rosso_phage_155"
216,VC_6_0,6,274.8377607289125,1493.5415662575779,0.1554178769988596,0.010676410648181183,1.7320508075688772,4.123105625617661,15,15,1.0,3.2755527029401295,"annotate_busby_phage_288,annotate_busby_phage_356,annotate_busby_phage_374,annotate_deboutte_phage_398,annotate_deboutte_phage_472,annotate_rosso_phage_9"
217,VC_70_0,2,110.05906585233208,57.29348359195117,0.657647978580536,0.14442218317324246,5.291502622129181,5.291502622129181,1,1,1.0,5.291502622129181,"annotate_virome_phage_11,annotate_virome_phage_2285"
218,VC_71_0,3,208.3171191359465,457.40634132724733,0.3129183985659821,0.0020368805944758284,6.0,8.426149773176359,3,3,1.0,7.577591212031479,"annotate_busby_phage_193,annotate_busby_phage_466,annotate_virome_phage_750"
219,VC_72_0,2,3.327125376962869,19.896309242333775,0.14326586189789164,0.36183680491588155,2.449489742783178,2.449489742783178,1,1,1.0,2.449489742783178,"annotate_busby_phage_172,annotate_busby_phage_192"
220,VC_73_0,27,8745.054566615621,3270.155839811479,0.7278319955127687,1.1556123165271533e-80,2.6457513110645907,9.486832980505138,351,327,0.9316239316239316,7.435828123197962,"annotate_deboutte_phage_32,annotate_deboutte_phage_372,annotate_deboutte_phage_392,annotate_deboutte_phage_419,annotate_deboutte_phage_427,annotate_deboutte_phage_470,annotate_deboutte_phage_506,annotate_deboutte_phage_508,annotate_deboutte_phage_524,annotate_deboutte_phage_78,annotate_rosso_phage_40,annotate_total_phage_187,annotate_total_phage_299,annotate_virome_phage_2308,annotate_virome_phage_2359,annotate_virome_phage_41,annotate_virome_phage_47,annotate_virome_phage_48,annotate_virome_phage_49,annotate_virome_phage_56,annotate_virome_phage_772,annotate_virome_phage_779,annotate_virome_phage_791,annotate_virome_phage_796,annotate_virome_phage_811,annotate_virome_phage_852,annotate_virome_phage_96"
221,VC_73_1,1,0,525.8372806803865,0.0,0.0,0,0,1,1,1,0,annotate_virome_phage_2281
222,VC_74_0,4,371.4153088580112,362.38973487686593,0.506149844606687,3.450979798253972e-05,4.58257569495584,6.6332495807108,6,6,1.0,5.554849589171229,"annotate_total_phage_179,annotate_total_phage_418,annotate_total_phage_788,annotate_virome_phage_885"
223,VC_75_0,2,121.6239926114541,239.42300900766398,0.33686470754785486,0.050860953019083124,2.8284271247461903,2.8284271247461903,1,1,1.0,2.8284271247461903,"annotate_total_phage_637,annotate_total_phage_663"
224,VC_76_0,2,7.728673243030669,204.03208563564223,0.0364971927941511,0.3551354235656957,2.0,2.0,1,1,1.0,2.0,"annotate_busby_phage_204,annotate_deboutte_phage_490"
225,VC_77_0,4,49.090800267614604,374.2226829301954,0.11596795806448476,0.33684050978498953,2.0,3.605551275463989,6,6,1.0,2.7594316134978913,"annotate_busby_phage_435,annotate_busby_phage_436,annotate_busby_phage_441,annotate_busby_phage_442"
226,VC_78_0,3,20.175562860037793,39.44814851269604,0.33838153304331475,0.13594935540982417,5.744562646538029,6.928203230275509,3,3,1.0,6.410068133705178,"annotate_virome_phage_770,annotate_virome_phage_901,annotate_virome_phage_904"
227,VC_79_0,4,560.5352684899202,254.83038149737035,0.6874649042410084,0.0001463515128381668,2.23606797749979,5.0,6,6,1.0,3.8186609760359804,"annotate_busby_phage_306,annotate_busby_phage_361,annotate_rosso_phage_167,annotate_total_phage_5"
228,VC_7_0,2,300.0,2770.9691694558396,0.09768903022011077,0.044586213878194246,4.47213595499958,4.47213595499958,1,1,1.0,4.47213595499958,"annotate_deboutte_phage_515,annotate_total_phage_413"
229,VC_7_1,4,1700.2960793715442,5482.41862972531,0.23672053648714908,1.5597066793752898e-05,5.196152422706632,8.306623862918075,6,6,1.0,6.952694136716307,"annotate_total_phage_730,annotate_virome_phage_10,annotate_virome_phage_4,annotate_virome_phage_738"
230,VC_7_2,3,524.2945923070528,3563.82955127405,0.12824820721999472,0.0024906626322922626,7.0,9.16515138991168,3,2,0.6666666666666666,7.991800355272777,"annotate_total_phage_500,annotate_virome_phage_2238,annotate_virome_phage_2254"
231,VC_7_3,1,0,1615.9471829277213,0.0,0.0,0,0,1,1,1,0,annotate_virome_phage_739
232,VC_80_0,2,43.27635845002393,867.9037182242005,0.04749484713052674,0.35312798105242627,7.211102550927978,7.211102550927978,1,1,1.0,7.211102550927978,"annotate_busby_phage_179,annotate_deboutte_phage_471"
233,VC_82_0,2,31.397259278778066,45.83797349461178,0.40651472328565946,0.14442218317324246,0.0,0.0,1,1,1.0,0.0,"annotate_busby_phage_18,annotate_busby_phage_399"
234,VC_83_0,8,461.8549978877086,785.4376181776937,0.3702860034116413,3.5543950585352034e-13,5.5677643628300215,9.055385138137417,28,27,0.9642857142857143,7.333458132090891,"annotate_virome_phage_45,annotate_virome_phage_765,annotate_virome_phage_781,annotate_virome_phage_782,annotate_virome_phage_80,annotate_virome_phage_816,annotate_virome_phage_845,annotate_virome_phage_899"
235,VC_84_0,2,24.59821241003893,35.90773212396065,0.4065420777989288,0.18554668476134878,2.6457513110645907,2.6457513110645907,1,1,1.0,2.6457513110645907,"annotate_busby_phage_184,annotate_busby_phage_351"
236,VC_85_0,8,273.15050505354674,78.59880830462839,0.7765487939287212,1.1949243297488828e-05,1.0,6.324555320336759,28,28,1.0,4.607981929641346,"annotate_busby_phage_207,annotate_busby_phage_253,annotate_busby_phage_382,annotate_deboutte_phage_513,annotate_deboutte_phage_94,annotate_deboutte_phage_95,annotate_rosso_phage_156,annotate_virome_phage_117"
237,VC_86_0,2,23.268175652563617,0,1.0,0.0,0.0,0.0,1,1,1.0,0.0,"annotate_busby_phage_19,annotate_busby_phage_400"
238,VC_88_0,2,1.5652464684412584,65.47294443978191,0.023348578582380257,0.16079658802280322,2.8284271247461903,2.8284271247461903,1,1,1.0,2.8284271247461903,"annotate_busby_phage_333,annotate_rosso_phage_171"
239,VC_89_0,1,0,56.848890230282244,0.0,0.0,0,0,1,1,1,0,annotate_deboutte_phage_19
240,VC_8_0,3,20.423018956062847,7.691224388352358,0.7264296145505124,0.16646080403278296,1.4142135623730951,2.0,3,3,1.0,1.6094757082487299,"annotate_busby_phage_116,annotate_busby_phage_353,annotate_busby_phage_426"
241,VC_91_0,3,17.954868037031034,171.2483029161469,0.09489728922922924,0.1645867415335659,1.4142135623730951,2.23606797749979,3,3,1.0,1.7941107824805875,"annotate_busby_phage_205,annotate_busby_phage_302,annotate_rosso_phage_189"
242,VC_92_0,4,366.5297528702526,203.52506340358534,0.6429728201685472,0.00012256451362687988,1.0,5.196152422706632,6,6,1.0,3.64472831428383,"annotate_total_phage_357,annotate_total_phage_445,annotate_total_phage_694,annotate_total_phage_787"
243,VC_93_0,3,452.1529512728039,24.35905930579137,0.9488804924849347,0.009182612933875983,3.3166247903554,5.477225575051661,3,3,1.0,4.7263383908471885,"annotate_virome_phage_18,annotate_virome_phage_2275,annotate_virome_phage_747"
244,VC_94_0,2,1.0668912901298675,26.502350855830812,0.03869860783555066,0.06118954204958732,1.0,1.0,1,1,1.0,1.0,"annotate_busby_phage_195,annotate_busby_phage_263"
245,VC_95_0,19,7431.997031387331,1248.4621039047029,0.8561755680838532,7.4489887041893e-38,0.0,3.7416573867739413,171,171,1.0,2.4501351360911467,"annotate_busby_phage_474,annotate_rosso_phage_0,annotate_rosso_phage_1,annotate_rosso_phage_121,annotate_rosso_phage_122,annotate_rosso_phage_124,annotate_rosso_phage_126,annotate_rosso_phage_130,annotate_rosso_phage_132,annotate_rosso_phage_133,annotate_rosso_phage_135,annotate_rosso_phage_138,annotate_rosso_phage_141,annotate_rosso_phage_2,annotate_rosso_phage_7,annotate_virome_phage_1077,annotate_virome_phage_235,annotate_virome_phage_2401,annotate_virome_phage_960"
246,VC_96_0,5,75.90640399936615,1058.016024485972,0.06694144334084634,0.059178268802418554,1.4142135623730951,2.449489742783178,10,10,1.0,2.1212172533505806,"annotate_busby_phage_304,annotate_busby_phage_458,annotate_busby_phage_459,annotate_deboutte_phage_334,annotate_deboutte_phage_405"
247,VC_97_0,2,2.921495615352605,28.119814602614134,0.09411637572120396,0.3312602917700287,2.6457513110645907,2.6457513110645907,1,1,1.0,2.6457513110645907,"annotate_busby_phage_198,annotate_deboutte_phage_147"
248,VC_98_0,1,0,473.3518397224909,0.0,0.0,0,0,1,1,1,0,annotate_rosso_phage_103
249,VC_99_0,4,33.59116792854315,224.48229720658907,0.1301612620691328,0.25844713806184805,2.0,3.605551275463989,6,6,1.0,2.7444844770750563,"annotate_busby_phage_199,annotate_deboutte_phage_262,annotate_deboutte_phage_312,annotate_deboutte_phage_501"
250,VC_9_0,3,33.39003694874004,62.68977956389118,0.34752394582633683,0.009936767845410874,4.58257569495584,6.48074069840786,3,3,1.0,5.482827066832734,"annotate_deboutte_phage_207,annotate_deboutte_phage_341,annotate_total_phage_106"
